id,name,model_id:id,group_id:id,perm_read,perm_write,perm_create,perm_unlink
access_finsetter_policy_advisor,finsetter.policy.advisor,model_finsetter_policy,group_finsetter_advisor,1,1,1,0
access_finsetter_policy_sales_exec,finsetter.policy.sales_exec,model_finsetter_policy,group_finsetter_sales_executive,1,0,0,0
access_finsetter_policy_manager,finsetter.policy.manager,model_finsetter_policy,group_finsetter_manager,1,1,1,1
access_finsetter_policy_portal,finsetter.policy.portal,model_finsetter_policy,base.group_portal,1,0,0,0
access_finsetter_call_log_advisor,finsetter.call.log.advisor,model_finsetter_call_log,group_finsetter_advisor,1,1,1,0
access_finsetter_call_log_manager,finsetter.call.log.manager,model_finsetter_call_log,group_finsetter_manager,1,1,1,1
access_finsetter_consent_advisor,finsetter.consent.advisor,model_finsetter_consent,group_finsetter_advisor,1,1,1,0
access_finsetter_consent_compliance,finsetter.consent.compliance,model_finsetter_consent,group_finsetter_compliance,1,0,0,0
access_finsetter_consent_manager,finsetter.consent.manager,model_finsetter_consent,group_finsetter_manager,1,1,1,1
access_finsetter_policy_line_advisor,finsetter.policy.product.line.advisor,model_finsetter_policy_product_line,group_finsetter_advisor,1,1,1,1
access_finsetter_policy_line_manager,finsetter.policy.product.line.manager,model_finsetter_policy_product_line,group_finsetter_manager,1,1,1,1
access_finsetter_policy_line_base,finsetter.policy.product.line.base,model_finsetter_policy_product_line,base.group_user,1,0,0,0
access_finsetter_testimonial_advisor,finsetter.testimonial.advisor,model_finsetter_testimonial,group_finsetter_advisor,1,1,1,0
access_finsetter_testimonial_manager,finsetter.testimonial.manager,model_finsetter_testimonial,group_finsetter_manager,1,1,1,1
access_finsetter_financial_product_user,finsetter.financial.product.user,model_finsetter_financial_product,base.group_user,1,0,0,0
access_finsetter_financial_product_manager,finsetter.financial.product.manager,model_finsetter_financial_product,group_finsetter_manager,1,1,1,1
access_finsetter_lead_product_match_advisor,finsetter.lead.product.match.advisor,model_finsetter_lead_product_match,group_finsetter_advisor,1,1,1,0
access_finsetter_lead_product_match_sales_exec,finsetter.lead.product.match.sales_exec,model_finsetter_lead_product_match,group_finsetter_sales_executive,1,1,1,0
access_finsetter_lead_product_match_manager,finsetter.lead.product.match.manager,model_finsetter_lead_product_match,group_finsetter_manager,1,1,1,1
access_finsetter_campaign_advisor,finsetter.campaign.advisor,model_finsetter_campaign,group_finsetter_advisor,1,0,0,0
access_finsetter_campaign_sales_exec,finsetter.campaign.sales_exec,model_finsetter_campaign,group_finsetter_sales_executive,1,1,1,0
access_finsetter_campaign_manager,finsetter.campaign.manager,model_finsetter_campaign,group_finsetter_manager,1,1,1,1
access_finsetter_campaign_recipient_advisor,finsetter.campaign.recipient.advisor,model_finsetter_campaign_recipient,group_finsetter_advisor,1,0,0,0
access_finsetter_campaign_recipient_sales_exec,finsetter.campaign.recipient.sales_exec,model_finsetter_campaign_recipient,group_finsetter_sales_executive,1,1,1,0
access_finsetter_campaign_recipient_manager,finsetter.campaign.recipient.manager,model_finsetter_campaign_recipient,group_finsetter_manager,1,1,1,1
access_finsetter_claim_advisor,finsetter.claim.advisor,model_finsetter_claim,group_finsetter_advisor,1,1,1,0
access_finsetter_claim_sales_exec,finsetter.claim.sales_exec,model_finsetter_claim,group_finsetter_sales_executive,1,0,0,0
access_finsetter_claim_manager,finsetter.claim.manager,model_finsetter_claim,group_finsetter_manager,1,1,1,1
access_finsetter_claim_portal,finsetter.claim.portal,model_finsetter_claim,base.group_portal,1,0,0,0
access_finsetter_appointment_advisor,finsetter.appointment.advisor,model_finsetter_appointment,group_finsetter_advisor,1,1,1,0
access_finsetter_appointment_sales_exec,finsetter.appointment.sales_exec,model_finsetter_appointment,group_finsetter_sales_executive,1,1,1,0
access_finsetter_appointment_manager,finsetter.appointment.manager,model_finsetter_appointment,group_finsetter_manager,1,1,1,1
access_finsetter_appointment_portal,finsetter.appointment.portal,model_finsetter_appointment,base.group_portal,1,0,0,0
access_finsetter_document_advisor,finsetter.document.advisor,model_finsetter_document,group_finsetter_advisor,1,1,1,0
access_finsetter_document_sales_exec,finsetter.document.sales_exec,model_finsetter_document,group_finsetter_sales_executive,1,1,1,0
access_finsetter_document_manager,finsetter.document.manager,model_finsetter_document,group_finsetter_manager,1,1,1,1
access_finsetter_document_portal,finsetter.document.portal,model_finsetter_document,base.group_portal,1,0,0,0
